"Table P5B.  Primary energy production estimates, renewable and total energy, in trillion Btu, ranked by state, 2024",,,,,,,,,,,,,,,
,,,,,,,,,,,,,,,
,Renewable energy,,,,,,,,,,,,Total primary energy b,,
Rank,"Biofuels a, b",,,Wood and waste c,,,Other d,,,Total renewable energy b,,,Total Energy Production,,
,State,"Trillion
 Btu",,State,Trillion Btu,,State,Trillion Btu,,State,Trillion Btu,,State,"Trillion
 Btu",
,United States,"2,875.2",,United States,"2,444.2",,United States,"3,587.0",,United States,"8,906.4",,United States e,"103,447.5",
,,,,,,,,,,,,,,,
1,Iowa,641.8,,Georgia,231.5,,Texas,585.0,,Iowa,825.5,,Texas,"28,288.2",
2,Nebraska,278.8,,Alabama,179.5,,California,483.4,,Texas,789.0,,Pennsylvania,"9,911.3",
3,Illinois,233.2,,Louisiana,128.6,,Washington,242.4,,California,750.3,,New Mexico,"8,522.8",
4,Minnesota,195.6,,Virginia,128.1,,Iowa,159.8,,Illinois,359.8,,West Virginia,"6,302.0",
5,Indiana,194.9,,Florida,114.5,,New York,144.5,,Washington,356.7,,Wyoming,"5,195.5",
6,South Dakota,186.5,,North Carolina,111.4,,Oklahoma,136.8,,Nebraska,329.5,,North Dakota,"4,630.5",
7,California,155.7,,California,111.2,,Oregon,136.5,,Minnesota,310.3,,Louisiana,"4,317.9",
8,Louisiana,131.0,,South Carolina,107.6,,Florida,117.0,,Indiana,281.4,,Oklahoma,"4,256.9",
9,Texas,116.4,,Pennsylvania,100.8,,Illinois,104.9,,Georgia,275.4,,Colorado,"3,634.3",
10,North Dakota,101.8,,Michigan,100.0,,Kansas,103.7,,Louisiana,269.8,,Ohio,"3,012.0",
11,Ohio,93.3,,Washington,91.4,,Colorado,90.6,,South Dakota,250.0,,Illinois,"2,172.4",
12,Kansas,91.3,,Texas,87.5,,Arizona,85.9,,Florida,231.9,,California,"1,708.7",
13,Wisconsin,86.3,,Wisconsin,82.3,,Nevada,71.9,,New York,226.9,,Alaska,"1,319.6",
14,Missouri,68.3,,Arkansas,75.0,,New Mexico,70.2,,Alabama,219.8,,Alabama,"1,142.8",
15,Michigan,46.7,,New York,74.5,,Minnesota,63.9,,Oregon,204.4,,Utah,925.5,
16,Tennessee,26.1,,Oregon,63.7,,North Carolina,63.0,,Kansas,200.3,,Iowa,825.5,
17,Washington,22.9,,Maine,63.4,,South Dakota,59.9,,Michigan,197.7,,Virginia,797.8,
18,Pennsylvania,22.9,,Mississippi,55.4,,North Dakota,58.4,,Wisconsin,194.4,,Georgia,776.5,
19,Colorado,20.2,,Minnesota,50.8,,Montana,53.3,,Oklahoma,191.7,,Montana,762.0,
20,Wyoming,19.3,,Ohio,49.5,,Indiana,53.1,,North Carolina,174.6,,Indiana,748.6,
21,Montana,17.0,,Tennessee,48.4,,Michigan,51.1,,Ohio,173.1,,Kentucky,726.7,
22,Oklahoma,15.8,,Oklahoma,39.1,,Idaho,47.8,,Virginia,162.4,,South Carolina,690.2,
23,New Mexico,13.1,,Indiana,33.4,,Nebraska,46.7,,North Dakota,160.9,,Arkansas,643.7,
24,Kentucky,12.0,,Massachusetts,32.8,,Georgia,44.0,,Pennsylvania,154.1,,North Carolina,627.3,
25,New York,7.8,,Kentucky,32.2,,Wyoming,36.4,,South Carolina,128.7,,Kansas,594.7,
26,Alabama,7.2,,Iowa,23.9,,Tennessee,34.8,,Colorado,119.2,,Michigan,566.7,
27,Arkansas,6.5,,Idaho,23.6,,Virginia,34.1,,Missouri,113.4,,Florida,540.8,
28,Idaho,4.9,,New Hampshire,22.9,,Alabama,33.1,,Tennessee,109.3,,New York,519.9,
29,Oregon,4.2,,Connecticut,22.8,,Pennsylvania,30.4,,Arkansas,102.8,,Washington,460.8,
30,Connecticut,4.0,,Illinois,21.7,,Ohio,30.3,,Arizona,95.6,,Tennessee,449.1,
31,Mississippi,2.6,,New Jersey,20.2,,Missouri,30.3,,New Mexico,89.8,,Arizona,434.0,
32,New Hampshire,0.8,,Missouri,14.8,,Utah,29.1,,Maine,88.4,,Minnesota,434.0,
33,Hawaii,0.8,,Maryland,13.6,,Massachusetts,25.8,,Montana,77.6,,Nebraska,400.8,
34,Florida,0.5,,Vermont,11.6,,Wisconsin,25.8,,Idaho,76.2,,New Jersey,328.6,
35,North Carolina,0.2,,Arizona,9.7,,Maine,25.0,,Nevada,75.3,,Wisconsin,300.3,
36,Virginia,0.1,,Colorado,8.4,,Arkansas,21.3,,Mississippi,66.1,,Mississippi,294.4,
37,Massachusetts,0.1,,Montana,7.4,,South Carolina,21.1,,Kentucky,62.5,,South Dakota,255.1,
38,Maine,0.1,,West Virginia,7.0,,New Jersey,19.3,,Massachusetts,58.8,,Missouri,227.0,
39,,,,New Mexico,6.6,,Kentucky,18.3,,Wyoming,57.4,,Maryland,216.9,
40,,,,Utah,5.3,,Maryland,17.5,,New Jersey,39.6,,Connecticut,211.9,
41,,,,Kansas,5.3,,Hawaii,13.3,,Connecticut,35.7,,Oregon,204.5,
42,,,,Rhode Island,4.2,,West Virginia,12.4,,Utah,34.4,,New Hampshire,132.5,
43,,,,Nebraska,4.0,,Louisiana,10.2,,New Hampshire,31.4,,Maine,88.4,
44,,,,Hawaii,3.8,,Connecticut,8.9,,Maryland,31.1,,Idaho,77.5,
45,,,,South Dakota,3.6,,Mississippi,8.0,,West Virginia,19.4,,Nevada,76.3,
46,,,,Nevada,3.4,,New Hampshire,7.7,,Vermont,18.8,,Massachusetts,58.8,
47,,,,Alaska,3.3,,Vermont,7.3,,Hawaii,17.9,,Vermont,18.8,
48,,,,Wyoming,1.7,,Alaska,6.6,,Alaska,9.9,,Hawaii,17.9,
49,,,,Delaware,1.2,,Rhode Island,3.7,,Rhode Island,7.9,,Rhode Island,7.9,
50,,,,District of Columbia,0.9,,Delaware,1.7,,Delaware,2.9,,Delaware,2.9,
51,,,,North Dakota,0.7,,District of Columbia,1.0,,District of Columbia,1.9,,District of Columbia,1.9,
,,,,,,,,,,,,,,,
,,,,,,,,,,,,,,,
"a  Biodiesel, fuel ethanol, and renewable diesel. For the production of",,,,,,,,"d  Consumption of noncombustible renewable energy, including geothermal,  ",,,,,,,
"biodiesel and fuel ethanol, equal to the Btu input of biomass feedstock",,,,,,,,"hydroelectric power, solar, and wind energy.",,,,,,,
(such as corn for ethanol and soy for biodiesel).,,,,,,,,e  U.S. total includes federal offshore production of crude oil and natural gas,,,,,,,
b  U.S. total includes other biofuels not allocated to the states. ,,,,,,,,not allocated to the states.,,,,,,,
c  Wood energy production and biomass waste energy consumption.,,,,,,,,(s) = Less than 0.05 trillion Btu.,,,,,,,
,,,,,,,,,,,,,,,
Note: Totals may not equal sum of components due to independent rounding.,,,,,,,,,,,,,,,
"Data source: U.S. Energy Information Administration, State Energy Data System. See technical notes.",,,,,,,,,,,,,,,
https://www.eia.gov/state/seds/,,,,,,,,,,,,,,,