NAME,Renewable_Energy_Trillion_Btu
Iowa,825.5
Texas,789.0
California,750.3
Illinois,359.8
Washington,356.7
Nebraska,329.5
Minnesota,310.3
Indiana,281.4
Georgia,275.4
Louisiana,269.8
South Dakota,250.0
Florida,231.9
New York,226.9
Alabama,219.8
Oregon,204.4
Kansas,200.3
Michigan,197.7
Wisconsin,194.4
Oklahoma,191.7
North Carolina,174.6
Ohio,173.1
Virginia,162.4
North Dakota,160.9
Pennsylvania,154.1
South Carolina,128.7
Colorado,119.2
Missouri,113.4
Tennessee,109.3
Arkansas,102.8
Arizona,95.6
New Mexico,89.8
Maine,88.4
Montana,77.6
Idaho,76.2
Nevada,75.3
Mississippi,66.1
Kentucky,62.5
Massachusetts,58.8
Wyoming,57.4
New Jersey,39.6
Connecticut,35.7
Utah,34.4
New Hampshire,31.4
Maryland,31.1
West Virginia,19.4
Vermont,18.8
Hawaii,17.9
Alaska,9.9
Rhode Island,7.9
Delaware,2.9
District of Columbia,1.9
